_id,METRO HAT ADI,METRO DURAK ADI,METRO DURAK ADRESI,METRO DURAK ILCESI,"1 DURAKTAN GECEN ORTALAMA 
1 GUNLUK SEFER SAYISI 
(ARALIK 2022)","1 DURAGI KULLANAN 
1 GUNLUK ORTALAMA KISI SAYISI"
1,"ANKARA METROSU
M1-M2-M3",ATATÜRK KÜLTÜR MERKEZİ,ZÜBEYDE HANIM MAH. İSTANBUL CAD. ÜZERİ,ALTINDAĞ,182,3851
2,"ANKARA METROSU
M1-M2-M3",ULUS,ANAFARTALAR MAH. İSTANBUL CAD. GENÇLİK PARKI YANI,ALTINDAĞ,182,8593
3,"ANKARA METROSU
M4",GAZİNO,ZÜBEYDE HANIM MAH. KAZIM KARABEKİR CAD. NO:3-1 ALTINDAĞ,ALTINDAĞ,150,3633
4,"ANKARA METROSU
M4",DUTLUK,ANAFARTALAR MAH.KAZIM KARABEKİR CAD. NO:70-4 ,ALTINDAĞ,150,4938
5,"ANKARA METROSU
M4",KUYUBAŞI,ZİRAAT MAH.FATİH CAD. NO:3 ,ALTINDAĞ,150,4655
6,"ANKARA METROSU
M1-M2-M3",SIHHIYE,ETİ MAH. ATATÜRK BULV. ÜZERİ SIHHIYE,ÇANKAYA,182,25386
7,"ANKARA METROSU
M1-M2-M3",KIZILAY,DEVLET MAH. 15 TEMMUZ KIZILAY MEYDANI,ÇANKAYA,182,52076
8,"ANKARA METROSU
M1-M2-M3",NECATİBEY,DEVLET MAH. İNÖNÜ BULV. ÜZERİ (ESKİŞEHİRYOLU ÜZERİ)      ,ÇANKAYA,182,3641
9,"ANKARA METROSU
M1-M2-M3",MİLLİ KÜTÜPHANE,EMEK MAH. İNÖNÜ BULVARI ÜZERİ  ENERJİ BAKANLIĞI TEDAŞ ÖNÜ  BALGAT,ÇANKAYA,182,8824
10,"ANKARA METROSU
M1-M2-M3",SÖĞÜTÖZÜ,BEŞTEPE MAH. DUMLUPINAR BULV.  NO: 14 ARMADA KARŞISI  ,ÇANKAYA,182,15534
11,"ANKARA METROSU
M1-M2-M3",MTA,ÇUKURAMBAR MAH. DUMLUPINAR BULV. NO:82  MTA YANI,ÇANKAYA,182,5971
12,"ANKARA METROSU
M1-M2-M3",ODTÜ,ÜNİVERSİTELER MAH. DUMLUPINAR BULV. ODTÜ NİZAMİYE YANI,ÇANKAYA,182,7405
13,"ANKARA METROSU
M1-M2-M3",BİLKENT,ÜNİVERSİTELER  MAH. BİLKENT KAVŞAĞI DİYANET İŞLERİ BAŞK. YANI,ÇANKAYA,182,8120
14,"ANKARA METROSU
M1-M2-M3",TARIM BAKANLIĞI - DANIŞTAY,ÜNİVERSİTELER MAH. DUMLUPINAR MAH. TARIM BAKANLIĞI YANI,ÇANKAYA,182,7895
15,"ANKARA METROSU
M1-M2-M3",BEYTEPE,ÜNİVERSİTELER MAH. DUMLUPINAR BULV. BEYTEPE ÜNİ. KAMPÜS KAVŞAĞI,ÇANKAYA,182,10940
16,"ANKARA METROSU
M1-M2-M3",ÜMİTKÖY,ÜMİT MAH. DUMLUPINAR BULV. ÜZERİ ÜMİTKÖY KAVŞAĞI,ÇANKAYA,182,8709
17,"ANKARA METROSU
M1-M2-M3",ÇAYYOLU,ÜMİT MAH. ANKARALILAR CAD. GORDİON AVM YANI,ÇANKAYA,182,4645
18,"ANKARA METROSU
M1-M2-M3",KORU,KORU MAH. ANKARALILAR CAD. ÜZERİ,ÇANKAYA,182,19516
19,"ANKARA METROSU
M1-M2-M3",DEVLET MAHALLESİ,TUNAHAN MAH. 232.SOKAK ,ETİMESGUT,182,6122
20,"ANKARA METROSU
M1-M2-M3",ERYAMAN 5,TUNAHAN MAH. ERYAMAN 5. ETAP 271.SOKAK NO:4,ETİMESGUT,182,5780
21,"ANKARA METROSU
M1-M2-M3",ERYAMAN 1-2,GÖKSU MAH. SELÇUKLULAR CAD. NO.19,ETİMESGUT,182,10292
22,"ANKARA METROSU
M4",MECİDİYE,KALABA MAH FATİH CAD. NO:14 ,KEÇİÖREN,150,3082
23,"ANKARA METROSU
M4",BELEDİYE,GÜÇLÜKAYA MAH. CUMHURİYET CAD. NO: 1-1 ,KEÇİÖREN,150,4276
24,"ANKARA METROSU
M4",METEROLOJİ,GÜÇLÜKAYA MAH.KIZLARPINARI CAD. NO:31-13 ,KEÇİÖREN,150,1901
25,"ANKARA METROSU
M4",DIŞKAPI,ŞENLİK MAH.KIZLARPINARI CAD. NO:103-15 ,KEÇİÖREN,150,4682
26,"ANKARA METROSU
M4",ASKİ,PINARBAŞI MAH.NURİPAMİR CAD. NO: 51-19 ,KEÇİÖREN,150,1539
27,"ANKARA METROSU
M4",ATATÜRK KÜLTÜR MERKEZİ,PINARBAŞI MAH. AKSARAY CAD. NO: 8 7 ,KEÇİÖREN,150,632
28,"ANKARA METROSU
M1-M2-M3",OSB-TÖREKENT,GÖKÇEK MAH. AHMED ANDİÇEN CAD. 249. SOKAK,SİNCAN,182,5685
29,"ANKARA METROSU
M1-M2-M3",GOP,OSMAN PAŞA MAH. 253/1 SOKAK NO: 20,SİNCAN,182,2631
30,"ANKARA METROSU
M1-M2-M3",FATİH,FATİH MAH. ÇALKIN CAD. FATİH DEVLET HASTANESİ YANI,SİNCAN,182,5343
31,"ANKARA METROSU
M1-M2-M3",HARİKALAR DİYARI,YUNUS EMRE MAH. BAYKAL SOKAK HARİKALAR DİYARI 7. KAPI ,SİNCAN,182,3052
32,"ANKARA METROSU
M1-M2-M3",İSTANBUL YOLU,YENİ BATI MAH. İSTANBUL YOLU ÜZERİ ALİ BABACAN KARŞISI,YENİMAHALLE,182,3204
33,"ANKARA METROSU
M1-M2-M3",BOTANİK,KARDELEN MAH. BAŞKENT BULVARI ÜZERİ ,YENİMAHALLE,182,6273
34,"ANKARA METROSU
M1-M2-M3",MESA,KARDELEN MAH. BAŞKENT BULVARI ÜZERİ MESA BATIKENT,YENİMAHALLE,182,3948
35,"ANKARA METROSU
M1-M2-M3",BATI MERKEZİ,KENTKOOP MAH. 1865. SOKAK NO: 2 BATIKENT ANT İŞ MERKEZİ KARŞISI,YENİMAHALLE,182,7625
36,"ANKARA METROSU
M1-M2-M3",BATIKENT,KENTKOOP MAH. BAŞKENT BULVARI GİMSA YANI,YENİMAHALLE,182,11859
37,"ANKARA METROSU
M1-M2-M3",OSTİM,OSTİM MAH. ALINTERİ BULVARI - 100. YIL BULVARI KESİŞİMİ,YENİMAHALLE,182,13304
38,"ANKARA METROSU
M1-M2-M3",MACUNKÖY,MEHMET AKİF ERSOY MAHALLESİ 296. CAD.,YENİMAHALLE,182,6724
39,"ANKARA METROSU
M1-M2-M3",HASTANE,DEMETEVLER MAH. VATAN CADDESİ - 12. CAD. KESİŞİMİ,YENİMAHALLE,182,16717
40,"ANKARA METROSU
M1-M2-M3",DEMETEVLER,DEMETGÜL MAH. VATAN CADDESİ - 1. CAD. KESİŞİMİ,YENİMAHALLE,182,10717
41,"ANKARA METROSU
M1-M2-M3",YENİMAHALLE,GAYRET MAH. AHMET HİKMET SOK. ,YENİMAHALLE,182,8959
42,"ANKARA METROSU
M1-M2-M3",İVEDİK,GAYRET MAH. ŞEHİT CEM ERSEVER CAD. - İVEDİK CAD. KESİŞİMİ ,YENİMAHALLE,182,9545
43,"ANKARA METROSU
M1-M2-M3",AKKÖPRÜ,GAZİ MAH. FATİH SULTAN MEHMET BULV. ANKAMALL YANI,YENİMAHALLE,182,20573
